Capital investido,Capital total,Lucro,Pagamento De funcionários,Caixinha 2026,Saldo em caixa,Saldo projetado,CDB,CDB 2026,Ação/BDR,Dolar,FII,Caixa 2,Empréstimo,Crypto,Day trade,ETF,Tesouro direto,Fundos de investimento,preço de mercado,Data,Hora,% lucro,Variação no Período,Mês,Ano,Investido Mês,
82.70250101356964,82.24852274910684,-0.4539782644628048,1.04,,82.24852274910684,-,20.41250101356965,,1.769999999999996,19.2460217355372,27.58,1.189999999999998,2.159999999999997,0,9.159999999999997,-,-,-,0.01028106534363835,2025-01-25 00:00:00,11:39:45,-0.005519591711666757,0,Janeiro,2025,0,Índice
89.9693097673235,87.7453315028607,-2.223978264462804,1.04,,87.7453315028607,-,22.67930976732349,,1.769999999999996,19.2460217355372,27.68000000000001,1.189999999999998,2.159999999999997,5,9.159999999999997,-,-,-,0.01096816643785759,2025-01-26 00:00:00,16:32:49,-0.025345830101403143,-1.7699999999999991,Janeiro,2025,7.26680875375385,199
91.11054061635153,88.88656235188873,-2.223978264462804,1.04,,88.88656235188873,-,23.82054061635152,,1.769999999999996,19.2460217355372,27.48,1.189999999999998,2.159999999999997,5,9.159999999999997,-,-,-,0.01111082029398609,2025-01-27 00:00:00,18:02:53,-0.025020410347948923,0,Janeiro,2025,1.1412308490280338,
102.2570211272851,99.46338398294519,-2.793637144339907,1.04,,99.46338398294519,-,24.96702112728509,,1.609999999999999,29.07636285566009,27.3,1.189999999999998,2.159999999999997,5,9.099999999999994,-,-,-,0.01243292299786815,2025-01-28 00:00:00,18:03:11,-0.02808709127389962,-0.5696588798771032,Janeiro,2025,11.146480510933571,
102.2570211272851,99.09595683353041,-3.161064293754688,1.04,,99.09595683353041,-,24.96702112728509,,1.549999999999997,28.88893570624531,27.20999999999999,1.189999999999998,2.159999999999997,5,9.069999999999993,-,-,-,0.0123869946041913,2025-01-29 00:00:00,18:00:40,-0.03189902388313284,-0.3674271494147807,Janeiro,2025,0,
104.5537669220797,81.86049745094564,-22.69326947113408,1.04,,81.86049745094564,-,27.26376692207972,,1.530000000000001,28.97673052886591,27.50999999999999,1.189999999999998,2.159999999999997,5,9.170000000000002,-,-,-,0.01023256218136821,2025-01-30 00:00:00,18:02:42,-0.277218807334183,-19.532205177379392,Janeiro,2025,2.296745794794603,
96.53403498194959,69.06293212183465,-27.47110286011495,1.04,,69.06293212183465,-,28.41403498194958,,1.579999999999998,28.81889713988505,27.66,1.189999999999998,2.159999999999997,5.010000000000005,0,-,-,-,0.008632866515229331,2025-01-31 00:00:00,18:00:47,-0.397769136295182,-4.77783338898087,Janeiro,2025,-8.019731940130114,
97.68556833668532,70.15509411909963,-27.53047421758568,1.04,,70.15509411909963,-,29.56556833668532,,1.560000000000002,28.80952578241431,27.63,1.189999999999998,2.159999999999997,5.010000000000005,0,-,-,-,0.008769386764887454,2025-02-01 00:00:00,11:33:35,-0.39242302448982885,-0.05937135747073086,Fevereiro,2025,1.151533354735733,
99.08556833668533,71.56742485261377,-27.51814348407156,1.04,,71.56742485261377,39.47218916666667,29.56556833668532,,1.560000000000002,28.82185651592845,27.63000000000001,1.189999999999998,2.159999999999997,6.409999999999997,0,-,-,-,0.008945928106576722,2025-02-02 00:00:00,23:40:46,-0.384506548066282,0.012330733514119174,Fevereiro,2025,1.4000000000000057,
99.08556833668533,71.56742485261377,-27.51814348407156,1.04,,71.56742485261377,-,29.56556833668532,,1.560000000000002,28.82185651592845,27.63000000000001,1.189999999999998,2.159999999999997,6.409999999999997,0,-,-,-,0.008945928106576722,2025-02-03 00:00:00,18:04:05,-0.384506548066282,0,Fevereiro,2025,0,
99.08556833668533,70.43831532632203,-28.64725301036329,1.04,,70.43831532632203,-,29.56556833668532,,1.519999999999996,28.39274698963671,26.97,1.189999999999998,2.159999999999997,6.409999999999997,0,-,-,-,0.008804789415790253,2025-02-04 00:00:00,18:49:41,-0.4066998604047835,-1.1291095262917281,Fevereiro,2025,0,
108.0655683366853,79.4659845928079,-28.59958374387743,1.04,,79.4659845928079,54.85096416666666,29.56556833668532,,1.530000000000001,28.38041625612257,27,1.189999999999998,2.159999999999997,6.409999999999997,9,-,-,-,0.009933248074100988,2025-02-04 00:00:00,18:54:49,-0.3598971797861025,0.04766926648585823,Fevereiro,2025,8.979999999999976,
108.0655683366853,79.53520082298203,-28.53036751370329,1.04,,79.53520082298203,-,29.56556833668532,,1.480000000000004,28.61963248629671,26.91000000000001,1.189999999999998,2.159999999999997,6.409999999999997,8.969999999999999,-,-,-,0.009941900102872754,2025-05-01 00:00:00,20:32:20,-0.358713716926447,0.06921623017414191,Maio,2025,0,
108.0655683366853,79.51210603374994,-28.55346230293538,1.04,,79.51210603374994,54.85096416666666,29.56556833668532,,1.450000000000003,28.62653769706461,26.91,1.189999999999998,2.159999999999997,6.409999999999997,8.969999999999999,-,-,-,0.009939013254218743,2025-02-06 00:00:00,18:04:04,-0.35910836383601125,-0.023094789232089852,Fevereiro,2025,0,
108.0655683366853,79.51210603374994,-28.55346230293538,1.04,,79.51210603374994,54.85096416666666,29.56556833668532,,1.450000000000003,28.62653769706461,26.91,1.189999999999998,2.159999999999997,6.409999999999997,8.969999999999999,-,-,-,0.009939013254218743,2025-02-07 00:00:00,18:01:22,-0.35910836383601125,0,Fevereiro,2025,0,
108.0655683366853,135.5414773912207,27.47590905453536,1.04,,135.5414773912207,0,29.56556833668532,,1.469999999999999,28.63590905453535,26.97,1.189999999999998,2.159999999999997,6.409999999999997,8.990000000000009,-,-,-,0.01694268467390259,2025-02-08 00:00:00,20:05:54,0.20271218510648337,56.02937135747074,Fevereiro,2025,0,
108.0655683366853,51.12147739122069,-56.94409094546464,2.18,,51.12147739122069,56.19473002,29.56556833668532,,1.469999999999999,28.63590905453535,26.97,1.189999999999998,2.159999999999997,6.409999999999997,8.990000000000002,-,-,-,0.006390184673902586,2025-02-09 00:00:00,13:07:22,-1.1138975994313476,-84.42,Fevereiro,2025,0,
112.6843825637491,55.75410203982025,-56.93028052392881,2.18,,55.75410203982025,-,34.18438256374905,,1.469999999999999,28.64971947607118,26.97000000000001,1.189999999999998,2.160000000000004,6.410000000000004,8.990000000000002,-,-,-,0.006969262754977531,2025-02-09 00:00:00,20:14:40,-1.0210958196989437,0.013810421535829676,Fevereiro,2025,4.618814227063794,
112.6843825637491,55.75410203982025,-56.93028052392881,2.18,,55.75410203982025,-,34.18438256374905,,1.469999999999999,28.64971947607118,26.97000000000001,1.189999999999998,2.160000000000004,6.410000000000004,8.990000000000002,-,-,-,0.006969262754977531,2025-02-10 00:00:00,18:01:43,-1.0210958196989437,0,Fevereiro,2025,0,
112.6843825637491,55.62953741962042,-57.05484514412863,2.18,,55.62953741962042,-,34.18438256374904,,1.450000000000003,28.54515485587135,26.97,1.189999999999998,2.159999999999997,6.409999999999997,8.989999999999995,-,-,-,0.006953692177452553,2025-02-11 00:00:00,18:00:01,-1.025621419674173,-0.12456462019981984,Fevereiro,2025,0,
112.6843825637491,55.38102696469607,-57.30335559905298,2.18,,55.38102696469607,56.19473002,34.18438256374905,,1.43,28.436644400947,26.88,1.189999999999998,2.160000000000004,6.410000000000004,8.96,-,-,-,0.006922628370587008,2025-02-12 00:00:00,18:03:50,-1.0347109604085591,-0.2485104549243502,Fevereiro,2025,0,
112.6843825637491,55.38102696469607,-57.30335559905298,2.18,,55.38102696469607,-,34.18438256374905,,1.43,28.436644400947,26.88,1.189999999999998,2.160000000000004,6.410000000000004,8.96,-,-,-,0.006922628370587008,2025-02-13 00:00:00,18:01:30,-1.0347109604085591,0,Fevereiro,2025,0,
112.6843825637491,55.22842540480455,-57.45595715894451,2.18,,55.22842540480455,-,34.18438256374903,,1.43,28.44404284105548,26.76,1.189999999999998,2.160000000000004,6.410000000000004,8.919999999999995,-,-,-,0.006903553175600569,2025-02-14 00:00:00,18:01:35,-1.0403330664927155,-0.15260155989152935,Fevereiro,2025,0,
112.6843825637491,55.24917060827016,-57.4352119554789,2.18,,55.24917060827016,-,34.18438256374905,,1.439999999999998,28.13478804452109,27.00000000000001,1.189999999999998,2.160000000000004,6.410000000000004,9.000000000000007,-,-,-,0.00690614632603377,15/02/2025,22:28:00,-1.0395669531893663,0.020745203465608597,Fevereiro,2025,0,
112.6843825637491,55.24917060827016,-57.4352119554789,2.18,,55.24917060827016,-,34.18438256374905,,1.439999999999998,28.13478804452109,27.00000000000001,1.189999999999998,2.160000000000004,6.410000000000004,9.000000000000007,-,-,-,0.00690614632603377,16/02/2025,18:16:40,-1.0395669531893663,0,Fevereiro,2025,0,
112.6843825637491,55.24917060827016,-57.4352119554789,2.18,,55.24917060827016,-,34.18438256374905,,1.439999999999998,28.13478804452109,27.00000000000001,1.189999999999998,2.160000000000004,6.410000000000004,9.000000000000007,-,-,-,0.00690614632603377,16/02/2025,18:18:11,-1.0395669531893663,0,Fevereiro,2025,0,
112.6843825637491,55.24917060827016,-57.4352119554789,2.18,,55.24917060827016,-,34.18438256374905,,1.439999999999998,28.13478804452109,27.00000000000001,1.189999999999998,2.160000000000004,6.410000000000004,9.000000000000007,-,-,-,0.00690614632603377,17/02/2025,18:01:56,-1.0395669531893663,0,Fevereiro,2025,0,
112.6843825637491,55.24917060827016,-57.4352119554789,2.18,,55.24917060827016,-,34.18438256374905,,1.439999999999998,28.13478804452109,27.00000000000001,1.189999999999998,2.160000000000004,6.410000000000004,9.000000000000007,-,-,-,0.00690614632603377,17/02/2025,20:00:43,-1.0395669531893663,0,Fevereiro,2025,0,
112.6843825637491,55.24917060827016,-57.4352119554789,2.18,,55.24917060827016,-,34.18438256374905,,1.439999999999998,28.13478804452109,27.00000000000001,1.189999999999998,2.160000000000004,6.410000000000004,9.000000000000007,-,-,-,0.00690614632603377,17/02/2025,20:22:19,-1.0395669531893663,0,Fevereiro,2025,0,
112.6843825637491,55.24917060827016,-57.4352119554789,2.18,,55.24917060827016,-,34.18438256374905,,1.439999999999998,28.13478804452109,27.00000000000001,1.189999999999998,2.160000000000004,6.410000000000004,9.000000000000007,-,-,-,0.00690614632603377,17/02/2025,20:24:40,-1.0395669531893663,0,Fevereiro,2025,0,
103.704382563749,46.46257479023989,-57.24180777350916,2.18,,46.46257479023989,-,34.18438256374905,,1.439999999999998,28.17819222649083,27.09,1.189999999999998,2.160000000000004,6.410000000000004,0,-,-,-,0.005807821848779987,17/02/2025,20:25:30,-1.2319981841715237,0.19340418196973985,Fevereiro,2025,-8.980000000000103,
103.704382563749,46.73257479023989,-56.97180777350916,2.18,,46.73257479023989,-,34.18438256374904,,1.439999999999998,28.17819222649084,27.08999999999999,1.189999999999998,2.159999999999997,6.409999999999997,0,-,-,-,0.005841571848779986,18/02/2025,18:44:39,-1.2191026929123483,0.269999999999996,Fevereiro,2025,0,
103.704382563749,34.62518620718537,-69.07919635656368,2.18,,34.62518620718537,-,34.18438256374905,,1.420000000000002,28.06080364343631,27.12,1.189999999999998,2.159999999999997,6.409999999999997,0,-,-,-,0.004328148275898172,18/02/2025,20:18:59,-1.9950563137254251,-12.107388583054522,Fevereiro,2025,0,
103.704382563749,46.60518620718537,-57.09919635656368,2.18,,46.60518620718537,-,34.18438256374904,,1.420000000000002,28.06080364343632,27.12,1.189999999999998,2.160000000000004,6.409999999999997,0,-,-,-,0.005825648275898171,18/02/2025,20:29:58,-1.2251682914156106,11.980000000000004,Fevereiro,2025,0,
103.704382563749,46.60518620718537,-57.09919635656368,2.18,,46.60518620718537,-,34.18438256374904,,1.420000000000002,28.06080364343632,27.12,1.189999999999998,2.160000000000004,6.409999999999997,0,-,-,-,0.005825648275898171,19/02/2025,19:29:29,-1.2251682914156106,0,Fevereiro,2025,0,
103.704382563749,46.92400605484737,-56.78037650890168,2.18,,46.92400605484737,-,34.18438256374904,,1.399999999999999,28.21962349109832,27.3,1.189999999999998,2.159999999999997,6.409999999999997,0,-,-,-,0.005865500756855921,19/02/2025,19:35:30,-1.2100496373334715,0.3188198476619988,Fevereiro,2025,0,
115.724382563749,59.09400605484737,-56.63037650890168,2.18,,59.09400605484737,-,34.18438256374904,,12.77,28.2196234910983,27.3,1.960000000000001,2.159999999999997,6.409999999999997,0,-,-,-,0.007386750756855921,20/02/2025,18:00:35,-0.9583099926639074,0.14999999999999858,Fevereiro,2025,12.02000000000001,
143.9208000622061,142.4495407128984,-1.471259349307762,2.18,,142.4495407128984,-,41.15080006220612,,12.72,38.01874065069225,27.56999999999999,1.960000000000008,2.159999999999997,6.409999999999997,11.28999999999999,-,-,-,0.0178061925891123,22/02/2025,10:16:39,-0.010328284260831903,55.15911715959392,Fevereiro,2025,28.196417498457095,
143.9208000622061,142.2782286704219,-1.642571391784242,2.18,,142.2782286704219,-,41.15080006220612,,12.63,38.21742860821578,27.35999999999999,1.960000000000008,2.159999999999997,6.409999999999997,11.22,-,-,-,0.01778477858380274,23/02/2025,10:40:37,-0.011544783816427389,-0.17131204247648002,Fevereiro,2025,0,
143.9208000622061,142.2782286704219,-1.642571391784242,2.18,,142.2782286704219,-,41.15080006220612,,12.63,38.21742860821578,27.35999999999999,1.960000000000008,2.159999999999997,6.409999999999997,11.22,-,-,-,0.01778477858380274,24/02/2025,19:24:15,-0.011544783816427389,0,Fevereiro,2025,0,
143.9208000622061,141.6982618927321,-2.222538169474046,2.18,,141.6982618927321,-,41.15080006220609,,12.24000000000001,38.52746183052597,27.24000000000001,1.960000000000008,2.159999999999997,6.409999999999997,10.84,-,-,-,0.01771228273659151,24/02/2025,20:25:35,-0.01568500657514447,-0.5799667776898041,Fevereiro,2025,0,
143.9608000622061,141.7089007669715,-2.251899295234615,2.18,,141.7089007669715,-,41.15080006220612,,12.21000000000001,38.2681007047654,27.53999999999999,1.969999999999999,2.180000000000007,6.419999999999987,10.80000000000001,-,-,-,0.01771361259587144,25/02/2025,18:58:59,-0.01589102225087241,-0.029361125760568818,Fevereiro,2025,0.03999999999999204,
143.9608000622061,141.6449464208558,-2.315853641350282,2.18,,141.6449464208558,-,41.15080006220612,,12.03,38.69414635864973,27.38999999999999,1.969999999999999,2.180000000000007,6.419999999999987,10.63999999999999,-,-,-,0.01770561830260698,26/02/2025,20:08:28,-0.01634970890150512,-0.06395434611566708,Fevereiro,2025,0,
143.9608000622061,141.6096714587643,-2.351128603441835,2.18,,141.6096714587643,-,41.15080006220612,,11.84,39.23887139655818,27.24000000000001,1.969999999999999,2.180000000000007,6.419999999999987,10.40000000000001,-,-,-,0.01770120893234554,28/02/2025,19:22:38,-0.01660288156325867,-0.0352749620915529,Fevereiro,2025,0,
144.1208000622061,140.4196714587643,-3.701128603441844,2.18,,140.4196714587643,1.527624983333333,41.30080006220609,,11.84,39.23887139655818,27.24000000000001,1.969999999999999,2.180000000000007,6.430000000000007,10.40000000000001,-,-,-,0.01755245893234554,01/03/2025,19:22:21,-0.02635762187015741,-1.350000000000009,Março,2025,0.1599999999999966,
144.1208000622061,49.95627668201853,-94.16452338018759,2.18,,49.95627668201853,89.69926831666668,41.30080006220611,,11.73,38.66547661981244,27,1.969999999999999,2.18,6.43,10.32,-,-,-,0.006244534585252317,05/03/2025,13:40:43,-1.8849387831595854,-90.46339477674574,Março,2025,0,
144.1208000622061,50.34294834989318,-93.77785171231294,2.18,,50.34294834989318,89.69926831666668,41.30080006220611,,11.92,38.71214828768709,26.97,1.969999999999999,2.18,6.43,10.5,-,-,-,0.006292868543736647,05/03/2025,18:06:09,-1.862780285742083,0.38667166787465135,Março,2025,0,
144.1208000622061,221.2609181283078,77.1401180661017,2.18,,221.2609181283078,0,41.30080006220612,,12.03999999999999,38.43011806610167,27.06,1.969999999999999,2.180000000000007,6.430000000000007,10.63999999999999,-,-,-,0.02765761476603847,06/03/2025,21:34:46,0.3486386964252252,170.91796977841466,Março,2025,0,
261.7081801655472,259.2496270168049,-2.458553148742232,2.18,,259.2496270168049,0,65.67818016554713,,46.79000000000002,57.86144685125777,45.25,1.970000000000027,2.180000000000007,6.430000000000007,10.69999999999999,-,-,-,0.03240620337710061,07/03/2025,19:01:53,-0.009483343050606842,-79.59867121484393,Março,2025,117.58738010334113,
261.7081801655472,248.2496270168049,-13.45855314874223,2.18,,248.2496270168049,11.28408233333333,65.67818016554713,,46.79000000000002,57.86144685125777,45.25,1.969999999999999,2.180000000000007,6.430000000000007,10.69999999999999,-,-,-,0.03103120337710061,08/03/2025,17:19:01,-0.05421379000835788,-10.999999999999996,Março,2025,0,
261.7081801655472,248.2806202927559,-13.42755987279122,3.43,,248.2806202927559,-,65.67818016554713,,46.79000000000002,57.89244012720877,45.25,1.969999999999999,2.180000000000007,6.430000000000007,10.69999999999999,21,-,-,0.03103507753659449,09/03/2025,20:31:39,-0.05408219077654284,0.03099327595101009,Março,2025,0,
261.7081801655472,248.0834786539176,-13.62470151162954,3.43,,248.0834786539176,-,65.67818016554713,,46.48000000000002,58.54529848837046,45.19999999999999,1.969999999999999,2.180000000000007,6.430000000000007,10.47000000000003,20.74,-,-,0.0310104348317397,10/03/2025,18:01:06,-0.05491982612286861,-0.19714163883832114,Março,2025,0,
261.7081801655472,246.9425743089371,-14.76560585661009,3.43,,246.9425743089371,-,65.67818016554713,,45.94999999999999,58.10439414338987,45.19999999999999,1.969999999999999,2.180000000000007,6.43000000000001,10.39999999999998,20.64,-,-,0.03086782178861714,11/03/2025,18:04:34,-0.05979368238924084,-1.1409043449805498,Março,2025,0,
276.5981801655471,261.9245782132235,-14.67360195232359,3.43,,261.9245782132235,-,65.72818016554714,,45.94999999999999,58.08639804767643,45.19999999999999,1.970000000000027,2.180000000000007,6.439999999999998,10.39999999999998,20.64,-,-,0.03274057227665294,11/03/2025,22:54:48,-0.05602224141171788,0.09200390428649996,Março,2025,14.889999999999873,
276.5981801655471,262.0846020727521,-14.51357809279493,3.43,,262.0846020727521,-,65.72818016554714,,46.06,57.97642190720507,45.19999999999999,1.970000000000027,2.180000000000007,6.439999999999998,10.5,20.7,-,-,0.03276057525909401,12/03/2025,21:31:57,-0.05537745437164639,0.1600238595286605,Março,2025,0,
265.3681801655471,252.7666016389426,-12.60157852660454,3.43,,252.7666016389426,-,65.72818016554712,,47.49999999999997,57.97842147339546,45.09999999999999,1.969999999999999,2.180000000000007,6.440000000000026,0,20.54,-,-,0.03159582520486783,13/03/2025,21:42:20,-0.04985460280312235,1.9119995661903904,Março,2025,-11.230000000000018,
284.4081801655471,283.8468492345772,-0.561330930969915,3.43,,283.8468492345772,-,65.79818016554714,,49.90999999999997,66.18866906903008,54.30000000000001,2.910000000000025,2.180000000000007,6.439999999999998,0,20.65,-,-,0.03548085615432215,14/03/2025,18:19:06,-0.0019775838008545903,12.040247595634625,Março,2025,19.04000000000002,
284.4581801655471,284.0156634983682,-0.4425166671789238,3.43,,284.0156634983682,-,65.83818016554716,,49.91000000000003,66.21748333282108,54.30000000000001,2.910000000000025,2.180000000000007,6.449999999999989,0,20.65,-,-,0.03550195793729603,2025-03-16 00:00:00,21:49:06,-0.0015580713462356847,0.11881426379099125,Março,2025,0.05000000000001137,
284.4581801655471,283.3013433943441,-1.156836771203036,3.43,,283.3013433943441,-,65.83818016554716,,49.75,65.60316322879697,54.24000000000001,2.910000000000025,2.180000000000007,6.449999999999989,0,20.77,-,-,0.03541266792429301,18/03/2025,11:27:58,-0.004083414350749356,-0.7143201040241123,Março,2025,0,
284.4581801655471,190.1175457133817,-94.34063445216536,3.43,,190.1175457133817,95.33315300000001,65.83818016554713,,49.70999999999998,65.55936554783463,54.18000000000001,2.909999999999997,2.180000000000007,6.449999999999989,0,20.73,-,-,0.02376469321417271,18/03/2025,11:37:00,-0.4962226610814336,-93.18379768096233,Março,2025,0,
277.7881801655471,183.7828359342031,-94.00534423134401,3.43,,183.7828359342031,95.33315300000001,65.83818016554713,,49.57999999999998,65.64465576865598,54.24000000000001,2.909999999999997,3.460000000000008,6.449999999999989,0,20.72,6.88,-,0.02297285449177539,18/03/2025,11:52:28,-0.5115023051717369,0.3352902208213493,Março,2025,-6.670000000000016,
277.7881801655471,183.5623549895324,-94.22582517601465,3.43,,183.5623549895324,-,65.83818016554713,,49.70999999999998,65.38417482398535,54.18000000000001,2.909999999999997,3.460000000000008,6.449999999999989,0,20.69,6.88,-,0.02294529437369155,18/03/2025,19:13:47,-0.5133178051751834,-0.2204809446706406,Março,2025,0,
277.7881801655471,184.3688641122202,-93.41931605332692,3.43,,184.3688641122202,-,65.83818016554713,,50.14000000000001,65.41068394667306,54.11999999999998,2.909999999999997,3.460000000000008,6.449999999999989,0,21.1,6.88,-,0.02304610801402752,2025-03-20 00:00:00,21:54:15,-0.5066978988191042,0.8065091226877286,Março,2025,0,
354.8395128509162,352.4195235581527,-2.419989292763536,3.43,,352.4195235581527,-,93.87951285091623,,50.13999999999999,113.5000107072365,54.12,2.910000000000025,3.45999999999998,6.449999999999989,0,21.1,6.86,-,0.04405244044476909,20/03/2025,22:40:29,-0.006866785552430422,90.99932676056339,Março,2025,77.05133268536912,
354.8395128509162,455.997491293468,101.1579784425519,3.43,,455.997491293468,-,93.87951285091623,,50.75,114.4179784425519,54.24000000000001,2.910000000000025,3.45999999999998,6.449999999999989,0,21.18,6.86,-,0.0569996864116835,21/03/2025,17:12:34,0.22183889248076868,103.57796773531543,Março,2025,0,
453.9695128509162,454.5874881302637,0.6179752793474709,3.43,,454.5874881302637,-,93.87951285091623,,88.33999999999997,114.5079752793476,81.54000000000002,5.910000000000025,3.45999999999998,6.449999999999989,0,21.18,38.34,-,0.05682343601628296,21/03/2025,17:26:13,0.0013594199037224443,-100.54000316320442,Março,2025,99.13,
453.9695128509162,453.7814862323411,-0.1880266185751207,3.43,,453.7814862323411,-,93.87951285091617,,88.40999999999997,114.5619733814249,81.53999999999996,5.910000000000025,3.45999999999998,6.449999999999989,0,21.23,38.34,-,0.05672268577904264,21/03/2025,17:37:46,-0.00041435497983020186,-0.8060018979225916,Março,2025,0,
453.9695128509162,453.8974821553221,-0.07203069559409236,3.43,,453.8974821553221,-,93.87951285091617,,88.40999999999997,114.6779693044059,81.53999999999996,5.910000000000025,3.45999999999998,6.449999999999989,0,21.23,38.34,-,0.05673718526941526,21/03/2025,18:39:36,-0.0001586937544840659,0.11599592298102834,Março,2025,0,
453.9695128509162,454.2054635978565,0.2359507469402882,3.43,,454.2054635978565,-,93.87951285091617,,88.60000000000002,115.2059507469403,81.09000000000003,5.910000000000025,3.45999999999998,6.449999999999989,0,21.58,38.34,-,0.05677568294973206,24/03/2025,18:58:19,0.0005194802041157166,0.30798144253438053,Março,2025,0,
462.5907695350509,462.7747632312772,0.1839936962262536,3.43,,462.7747632312772,-,102.7407695350509,,89.53000000000003,113.9839936962263,81.18,5.910000000000025,3.45999999999998,6.46999999999997,0,21.53,38.08,-,0.05784684540390965,25/03/2025,20:17:10,0.00039758800791455556,-0.051957050714034586,Março,2025,8.621256684134721,
474.183262233218,476.4701584446829,2.28689621146485,3.43,,476.4701584446829,-,104.613262233218,,90.51000000000005,124.5868962114649,81.62999999999994,5.910000000000025,3.45999999999998,6.46999999999997,0,21.34,37.8,-,0.05955876980558537,26/03/2025,19:16:16,0.004799663044858566,2.1029025152385965,Março,2025,11.592492698167064,
476.0649673539857,478.373629313119,2.308661959133278,3.43,,478.373629313119,-,106.4949673539857,,90.50999999999999,124.5586619591334,81.63,5.910000000000025,3.45999999999998,6.470000000000027,0,21.34,37.8,-,0.05979670366413987,27/03/2025,20:01:18,0.004826064435132451,0.02176574766842787,Março,2025,1.8817051207677196,
476.3849673539856,479.0100507257533,2.625083371767711,3.43,,479.0100507257533,-,106.4949673539857,,90.63,124.6650833717678,81.72000000000003,5.910000000000025,3.45999999999998,6.470000000000027,0,21.3,38.12,-,0.05987625634071916,27/03/2025,20:06:06,0.005480226078326371,0.3164214126344329,Março,2025,0.3199999999998795,
510.2660885490335,512.3573107812632,2.091222232229744,3.43,,512.3573107812632,-,108.3960885490335,,89.65999999999997,125.0712222322297,100.54,5.909999999999968,3.460000000000036,6.480000000000018,0,35.2,37.78,-,0.0640446638476579,28/03/2025,18:26:30,0.004081570006371068,-0.5338611395379669,Março,2025,33.88112119504791,
510.2660885490335,492.3573107812633,-17.90877776777025,3.43,,492.3573107812633,20.52826,108.3960885490334,,89.66000000000003,125.0712222322298,100.54,5.910000000000025,3.45999999999998,6.480000000000018,0,35.2,37.78,-,0.06154466384765792,28/03/2025,18:36:24,-0.03637353884184829,-19.999999999999993,Março,2025,0,
515.9380176148068,313.0150080103291,-202.9230096044777,3.43,,313.0150080103291,209.29587483,114.0680176148068,,89.13999999999999,124.4869903955224,100.87,5.910000000000025,3.45999999999998,6.480000000000018,0,34.87,37.78,-,0.03912687600129114,31/03/2025,12:20:03,-0.6482852400412107,-185.01423183670744,Março,2025,5.67192906577327,
515.9380176148068,312.1981981901622,-203.7398194246446,3.43,,312.1981981901622,-,114.0680176148068,,88.78999999999996,123.8701805753554,100.76,5.910000000000025,3.45999999999998,6.480000000000018,0,35.17,37.78,-,0.03902477477377028,31/03/2025,18:10:44,-0.6525976786725245,-0.8168098201668954,Março,2025,0,
517.8688831426193,311.6934251594657,-206.1754579831536,3.43,,311.6934251594657,-,115.9988831426193,,88.46999999999997,123.3945420168464,99.55000000000001,5.910000000000025,3.45999999999998,6.480000000000018,0,34.95,37.78,-,0.03896167814493321,01/04/2025,18:19:51,-0.6614687424916712,-2.435638558508998,Abril,2025,1.930865527812557,
524.8602158450266,319.6807437749462,-205.1794720700804,3.43,,319.6807437749462,-,117.9502158450265,,93.31,123.0405279299196,99.88,5.910000000000025,3.45999999999998,6.480000000000018,0,35.1,38.19,-,0.03996009297186828,02/04/2025,20:46:31,-0.6418261846091231,0.9959859130731843,Abril,2025,6.991332702407249,
527.1922326740794,319.3238731023256,-207.8683595717538,3.43,,319.3238731023256,-,119.9222326740794,,92.86000000000001,122.3216404282462,99.22000000000003,5.910000000000025,3.45999999999998,6.480000000000018,0,33.75,38.55,-,0.0399154841377907,03/04/2025,19:46:18,-0.6509640433464977,-2.688887501673406,Abril,2025,2.3320168290528045,
820.7351528815202,816.9362960365066,-3.798856845013606,4.8,,816.9362960365066,-,121.9151528815202,,142.87,175.3211431549864,185.63,5.909999999999968,5.049999999999955,6.480000000000018,0,32.88,38.55,-,0.1021170370045633,04/04/2025,21:38:56,-0.004650126164603471,204.0695027267402,Abril,2025,293.54292020744083,
820.7351528815202,642.3722971119948,-178.3628557695253,4.8,,642.3722971119948,179.2359987,121.9151528815202,,142.87,175.2971442304747,185.63,5.909999999999968,5.049999999999955,6.480000000000018,0,32.88,38.55,-,0.08029653713899935,06/04/2025,21:06:07,-0.2776627456872234,-174.5639989245117,Abril,2025,0,
820.8851528815203,642.672297111995,-178.2128557695253,4.8,,642.672297111995,179.2359987,121.9151528815202,,142.87,175.2971442304747,185.63,5.909999999999968,5.049999999999955,6.480000000000018,0,32.88,38.7,-,0.08033403713899938,06/04/2025,21:10:31,-0.2772997320257436,0.15000000000000568,Abril,2025,0.15000000000009095,
820.8851528815203,641.2472009902322,-179.6379518912881,4.8,,641.2472009902322,179.24,121.9151528815202,,140.0599999999999,177.4420481087119,185.02,5.909999999999968,5.049999999999955,6.480000000000018,0,32.86,38.7,-,0.08015590012377902,07/04/2025,19:39:54,-0.2801383797291997,-1.425096121762806,Abril,2025,0,
820.8851528815203,641.2472009902322,-179.6379518912881,4.8,,641.2472009902322,0,121.9151528815202,,140.0599999999999,177.4420481087119,185.02,5.909999999999968,5.049999999999955,6.480000000000018,0,32.86,38.7,-,0.08015590012377902,07/04/2025,20:09:19,-0.2801383797291997,0,Abril,2025,0,
820.8851528815203,638.4110668230724,-182.474086058448,4.8,,638.4110668230724,0,121.9151528815202,,134.84,180.435913941552,184.61,5.909999999999968,5.049999999999955,6.480000000000018,0,32.9,38.7,-,0.07980138335288404,09/04/2025,06:19:13,-0.28582538045039624,-2.8361341671598836,Abril,2025,0,
821.0351528815202,642.9183304521308,-178.1168224293894,4.8,,642.9183304521308,0,122.0651528815201,,140.89,174.5531775706106,185.22,5.909999999999968,5.049999999999955,6.480000000000018,0,34.46,38.7,-,0.08036479130651636,09/04/2025,22:31:14,-0.2770442434020028,4.357263629058593,Abril,2025,0.14999999999986358,
820.6651528815203,646.3762409177336,-174.2889119637866,4.8,,646.3762409177336,0,122.1351528815202,,139.46,176.5510880362134,184.41,5.909999999999968,5.049999999999955,6.480000000000018,0,33.93,38.26000000000001,-,0.0807970301147167,10/04/2025,18:28:23,-0.2696400345970775,3.8279104656027982,Abril,2025,-0.36999999999989086,
820.7251528815202,633.9562409177336,-186.7689119637866,4.8,,633.9562409177336,192.1133874,122.1351528815202,,139.46,176.5510880362134,184.41,5.909999999999968,5.049999999999955,6.539999999999964,0,33.93,38.26000000000001,-,0.0792445301147167,10/04/2025,21:47:13,-0.2946085232845322,-12.47999999999999,Abril,2025,0.05999999999994543,
821.1451528815202,637.0412671327598,-184.1038857487604,4.8,,637.0412671327598,-,122.1951528815201,,141.4299999999999,175.9661142512396,184.4,5.909999999999968,5.049999999999955,6.539999999999964,0,34.04,38.62,-,0.07963015839159497,11/04/2025,21:38:15,-0.28899836674221774,2.665026215026188,Abril,2025,0.4199999999999591,
821.1451528815202,514.8412671327596,-306.3038857487605,4.8,,514.8412671327596,317.6,122.1951528815201,,141.4300000000001,175.9661142512396,184.4,5.909999999999968,5.049999999999955,6.539999999999964,0,34.04,38.62,-,0.06435515839159496,11/04/2025,21:43:29,-0.594948201131234,-122.20000000000007,Abril,2025,0,
821.1451528815202,514.8412671327596,-306.3038857487605,4.8,,514.8412671327596,0,122.1951528815201,,141.4300000000001,175.9661142512396,184.4,5.909999999999968,5.049999999999955,6.539999999999964,0,34.04,38.62,-,0.06435515839159496,12/04/2025,17:02:29,-0.594948201131234,0,Abril,2025,0,
821.1451528815202,514.8412671327596,-306.3038857487605,4.8,,514.8412671327596,0,122.1951528815201,,141.4300000000001,175.9661142512396,184.4,5.909999999999968,5.049999999999955,6.539999999999964,0,34.04,38.62,109.43,0.06435515839159496,12/04/2025,17:04:25,-0.594948201131234,0,Abril,2025,0,
822.2351528815202,520.0992394389373,-302.1359134425829,4.8,,520.0992394389373,0,122.1951528815201,,141.45,176.584086557417,185.4400000000001,7,5.049999999999955,6.539999999999964,0,34.64,38.62,109.8,0.06501240492986717,15/04/2025,18:45:40,-0.5809197371034714,4.167972306177603,Abril,2025,1.0900000000000318,
822.4851528815203,520.0722661917077,-302.4128866898125,4.8,,520.0722661917077,317.6011784,122.1951528815201,,118.62,175.9871133101874,207.04,7,5.049999999999955,6.539999999999964,0,34.13,39.07,110.81,0.06500903327396347,16/04/2025,21:42:20,-0.5814824330169873,-0.2769732472296482,Abril,2025,0.2500000000001137,
822.5351528815203,523.0283465844549,-299.5068062970654,4.8,,523.0283465844549,0,122.1951528815201,,118.7,174.1931937029344,207.66,7,5.049999999999955,6.539999999999964,0,33.99,39.12,114.6,0.06537854332305686,18/04/2025,21:41:39,-0.5726397206823344,2.9060803927471284,Abril,2025,0.049999999999954525,
822.5351528815203,533.0283465844549,-289.5068062970654,4.8,,533.0283465844549,315.9516476,122.1951528815201,,118.7,174.1931937029344,207.66,7,5.049999999999955,6.539999999999964,0,33.99,39.12,114.6,0.06662854332305686,20/04/2025,15:55:18,-0.5431358541289041,10,Abril,2025,0,
856.1493361445469,566.6425298474815,-289.5068062970654,4.8,,566.6425298474815,315.9516476,155.8093361445468,,118.7,174.1931937029344,207.66,7,5.049999999999955,6.539999999999964,0,33.99,39.12,114.6,0.07083031623093518,20/04/2025,16:07:08,-0.5109161262127457,0,Abril,2025,33.614183263026575,
856.1493361445469,565.778696279289,-290.3706398652579,4.8,,565.778696279289,315.9516476,155.8093361445468,,119.76,170.479360134742,208.6900000000001,7,5.049999999999955,6.539999999999964,0,34.13,39.12,114.6,0.07072233703491113,24/04/2025,09:52:07,-0.5132230000436785,-0.86383356819249,Abril,2025,0,
856.3693361445469,565.8467075719157,-290.5226285726312,4.8,,565.8467075719157,315.9516476,155.8093361445468,,119.76,170.2273714273687,208.6900000000001,7,5.049999999999955,6.539999999999964,0,34.13,39.34,114.48,0.07073083844648946,24/04/2025,09:57:06,-0.5134299178293046,-0.15198870737333436,Abril,2025,0.22000000000002728,
856.3693361445469,568.9366995057537,-287.4326366387931,4.8,,568.9366995057537,315.9516476,155.8093361445468,,120.53,170.4073633612068,209.61,7,5.049999999999955,6.539999999999964,0,34.49,39.34,114.48,0.07111708743821922,24/04/2025,21:48:55,-0.5052102226635957,3.089991933838121,Abril,2025,0,
856.7893361445468,567.7966914395918,-288.9926447049551,4.8,,567.7966914395918,315.9516476,155.8093361445468,,120.89,170.5873552950447,210.49,7,5.049999999999955,6.539999999999964,0,34.70999999999999,39.76000000000001,110.62,0.07097458642994897,27/04/2025,18:50:02,-0.5089720476747464,-1.5600080661620268,Abril,2025,0.4199999999999591,
856.7893361445468,527.1027355346102,-329.6866006099366,4.8,,527.1027355346102,-,155.8093361445468,,120.87,169.6033993900633,210.75,7,5.049999999999955,6.539999999999964,0,34.67,39.76000000000001,110.62,0.06588784194182629,28/04/2025,21:26:50,-0.6254693409541012,-40.693955904981465,Abril,2025,0,
856.7893361445468,390.841780839553,-465.9475553049938,4.8,,390.841780839553,-,155.8093361445469,,121.29,168.592444695006,210.33,7,5.050000000000011,6.54000000000002,0,34.75,39.76000000000001,110.62,0.04885522260494413,29/04/2025,21:36:06,-1.1921641394226299,-136.2609546950572,Abril,2025,0,
856.7893361445468,393.3947309637852,-463.3946051807617,4.8,,393.3947309637852,-,155.8093361445468,,121.97,169.7053948192382,210.35,7,5.050000000000011,6.54000000000002,0,35.38,39.76000000000001,110.62,0.04917434137047315,03/05/2025,14:22:09,-1.1779380065551017,2.5529501242320976,Maio,2025,0,
856.7893361445468,396.701612794513,-460.0877233500338,4.8,,396.701612794513,506.2268994600001,155.8093361445468,,119.6900000000001,172.3422766499662,209.85,7,5.050000000000011,6.54000000000002,0,35.61,39.76000000000001,114.03,0.04958770159931412,07/05/2025,23:50:59,-1.159782840581377,3.306881830727889,Maio,2025,0,
856.7893361445468,648.3146127945131,-208.4747233500338,6.306999999999999,,648.3146127945131,506.2268994600001,155.8093361445468,,119.6900000000001,172.3422766499662,209.8499999999999,7,5.049999999999955,6.539999999999964,0,35.61,39.76000000000001,114.03,0.08103932659931413,2025-05-07 00:00:00,23:54:59,-0.32156412833488146,251.613,Maio,2025,0,
856.7893361445468,654.4547243764196,-202.3346117681273,6.306999999999999,,654.4547243764196,506.2268994600001,155.8093361445468,,127.63,169.8523882318726,210.41,7,5.049999999999955,6.539999999999964,0,35.29,39.76000000000001,113.32,0.08180684054705245,2025-05-08 00:00:00,23:27:14,-0.3091651786315954,6.1401115819064955,Maio,2025,0,
909.4893361445469,704.8097479027251,-204.6795882418217,6.306999999999999,,704.8097479027251,506.2268994600001,155.8093361445468,,181.5400000000001,169.3274117581782,210.95,7,5.049999999999955,6.539999999999964,0,35.2,39.76000000000001,109.41,0.08810121848784064,2025-05-09 00:00:00,23:33:05,-0.29040402583942515,-2.344976473694402,Maio,2025,52.700000000000045,
953.0722286065052,748.4726403646835,-204.5995882418217,6.306999999999999,,748.4726403646835,-,199.3922286065051,,181.54,169.3274117581782,210.95,7,5.049999999999955,6.539999999999964,0,35.2,39.76000000000001,109.41,0.09355908004558543,2025-05-09 00:00:00,23:44:03,-0.2733561351583048,0.0800000000000125,Maio,2025,43.582892461958295,
953.0722286065052,748.4726403646835,-204.5995882418217,6.306999999999999,,748.4726403646835,-,199.3922286065051,,181.54,169.3274117581782,210.95,7,5.049999999999955,6.539999999999964,0,35.2,39.76000000000001,109.41,0.09355908004558543,2025-05-10 00:00:00,10:42:43,-0.2733561351583048,0,Maio,2025,0,
953.0722286065052,751.4846062179314,-201.5876223885738,6.306999999999999,,751.4846062179314,-,199.3922286065051,,183.36,170.0893776114261,210.75,7,5.049999999999955,6.539999999999964,0,36.12,39.76000000000001,109.41,0.09393557577724143,2025-05-12 00:00:00,22:07:40,-0.2682524974172434,3.0119658532478866,Maio,2025,0,
953.0722286065052,750.5456899715792,-202.5265386349259,6.306999999999999,,750.5456899715792,-,199.392228606505,,186.92,168.220461365074,210.48,7,5.049999999999955,6.539999999999964,0,35.86,39.76000000000001,106.75,0.0938182112464474,2025-05-13 00:00:00,23:24:48,-0.26983905355927756,-0.9389162463521075,Maio,2025,0,
954.2522286065051,754.3885903544796,-199.8636382520255,6.306999999999999,,754.3885903544796,-,199.392228606505,,185.89,170.4433617479743,212.41,7,6.230000000000018,6.539999999999964,0,36.48,39.76000000000001,104.1,0.09429857379430995,2025-05-15 00:00:00,22:39:34,-0.26493459843833483,2.6629003829004034,Maio,2025,1.17999999999995,
954.2522286065051,756.8726161661978,-197.3796124403074,6.306999999999999,,756.8726161661978,-,199.3922286065051,,185.9,169.8673875596925,213.62,7,6.230000000000018,6.539999999999964,0,36.59,39.76000000000001,105.81,0.09460907702077472,2025-05-17 00:00:00,21:12:33,-0.26078313341563125,2.484025811718112,Maio,2025,0,
954.2522286065051,524.7226161661976,-429.5296124403076,6.306999999999999,,524.7226161661976,500.0006943633334,199.3922286065051,,185.9,169.8673875596925,213.62,7,6.230000000000018,6.539999999999964,0,36.59,39.76000000000001,105.81,0.06559032702077469,2025-05-17 00:00:00,21:32:01,-0.8185841418054314,-232.15000000000018,Maio,2025,0,
954.2522286065051,527.48560930996,-426.7666192965452,6.306999999999999,,527.48560930996,500.0006943633334,199.3922286065051,,187.39,170.0203807034549,214.34,7,6.230000000000018,6.539999999999964,0,36.73999999999999,39.76000000000001,105.81,0.06593570116374499,2025-05-20 00:00:00,21:44:20,-0.8090583169744248,2.762993143762401,Maio,2025,0,
984.562303669437,807.3807092435578,-177.1815944258792,6.306999999999999,,807.3807092435578,500.0006943633334,228.9723036694371,,184.67,169.4654055741207,214.47,7,6.960000000000036,6.539999999999964,0,36.3,39.76000000000001,108.33,0.1009225886554447,2025-05-22 00:00:00,10:21:07,-0.21945235054214043,249.58502487066596,Maio,2025,30.3100750629319,
984.562303669437,809.7067130077667,-174.8555906616704,6.306999999999999,,809.7067130077667,500.0006943633334,228.972303669437,,184.4300000000001,169.3814093383296,216.8599999999999,7,6.960000000000036,6.539999999999964,0,36.19,39.76000000000001,108.33,0.1012133391259708,2025-05-24 00:00:00,08:18:01,-0.21594929108608388,2.3260037642088207,Maio,2025,0,
994.8097736759404,820.07418301427,-174.7355906616704,6.306999999999999,,820.07418301427,500.0006943633334,239.2197736759402,,184.4299999999999,169.3814093383297,216.86,7,6.960000000000036,6.539999999999964,0,36.19,39.76000000000001,108.33,0.1025092728767838,2025-05-25 00:00:00,20:49:35,-0.2130729076477095,0.12000000000000455,Maio,2025,10.247470006503363,
994.8097736759404,850.07418301427,-144.7355906616704,6.306999999999999,,850.07418301427,220.0003471816667,239.2197736759402,,184.4299999999999,169.3814093383297,216.86,7,6.960000000000036,6.539999999999964,0,36.19,39.76000000000001,108.33,0.1062592728767838,2025-05-25 00:00:00,22:47:07,-0.17026230598893596,30,Maio,2025,0,
1054.809773675941,907.5,-147.31,6.306999999999999,,850.0741830142701,220.0003471816667,239.2197736759404,,184.4300000000001,226.8,216.8599999999999,7,6.960000000000036,6.539999999999964,0,36.19,39.76000000000001,108.33,0.1134375,2025-05-25 00:00:00,23:03:14,-0.16232506887052342,-2.574409338329616,Maio,2025,60.00000000000057,
1060.229064931454,916.6153066069295,-143.6137583245242,6.306999999999999,,916.6153066069295,220.0003471816667,244.6390649314536,,184.0200000000001,227.0332416754758,217.0600000000001,7,6.960000000000036,6.539999999999964,0,36.36,39.76000000000001,111.7,0.1145769133258662,2025-05-27 00:00:00,10:01:21,-0.1566783330906232,3.6962416754757896,Maio,2025,5.419291255513144,
1060.229064931454,798.1595805967255,-262.0694843347281,6.306999999999999,,798.1595805967255,359.9983375133333,244.6390649314536,,184.78,228.5275156652718,216.25,7,6.960000000000036,6.539999999999964,0,36.73,39.76000000000001,111.7,0.09976994757459069,2025-05-28 00:00:00,23:14:02,-0.3283422146468478,-118.45572601020388,Maio,2025,0,
1060.229064931454,518.1323901437963,-542.0966747876573,6.306999999999999,,518.1323901437963,716.4035933333333,244.6390649314535,,183.15,228.7203252123425,213.41,7,6.960000000000036,6.539999999999964,0,36.69,39.76000000000001,111.7,0.06476654876797454,2025-06-03 00:00:00,10:12:44,-1.0462512768931704,-280.02719045292923,Junho,2025,0,
1060.229064931454,518.1323901437963,-542.0966747876573,6.306999999999999,,518.1323901437963,716.4035933333333,244.6390649314535,,183.15,228.7203252123425,213.41,7,6.960000000000036,6.539999999999964,0,36.69,39.76000000000001,111.7,0.06476654876797454,2025-06-05 00:00:00,06:33:09,-1.0462512768931704,0,Junho,2025,0,
1060.229064931454,513.0544900577471,-547.1745748737065,6.306999999999999,,513.0544900577471,716.4035933333333,244.6390649314535,,180.77,226.3624251262931,212.88,7,6.960000000000036,6.539999999999964,0,36.67,39.76000000000001,111.7,0.06413181125721838,2025-06-05 00:00:00,06:34:48,-1.0665038226487775,-5.077900086049226,Junho,2025,0,
1060.229064931454,508.6346813016298,-551.5943836298238,6.306999999999999,,508.6346813016298,716.4035933333333,244.6390649314535,,179.04,224.5026163701759,212.8199999999999,7,6.960000000000036,6.539999999999964,0,36.24,39.76000000000001,111.7,0.06357933516270373,2025-06-06 00:00:00,06:32:55,-1.0844608201278318,-4.419808756117277,Junho,2025,0,
1057.699064931453,1054.077571035747,-3.621493895706215,6.306999999999999,,1054.077571035747,716.4035933333333,244.6390649314535,,173.6900000000001,223.2855061042935,212.9300000000001,15.19000000000005,6.960000000000036,0,0,36.39,42.02,108.06,0.1317596963794684,2025-06-08 00:00:00,10:19:29,-0.0034356996061947315,547.9728897341176,Junho,2025,-2.5300000000011096,
1057.699064931453,1054.077571035747,-3.621493895706215,6.306999999999999,,1054.077571035747,716.4035933333333,244.6390649314535,,173.6900000000001,223.2855061042935,212.9300000000001,15.19000000000005,6.960000000000036,0,0,36.39,42.02,108.06,0.1317596963794684,08/06/2025,10:25:25,-0.0034356996061947315,0,Junho,2025,0,
1117.699064931453,1102.54879382035,-15.15027111110326,7.968,,1102.54879382035,716.4035933333333,244.6390649314535,,172.3099999999999,277.9077288888966,210.72,15.19000000000005,6.960000000000036,0,0,,42.02,108.06,0.1378185992275437,09/06/2025,21:23:15,-0.01374113435706307,-11.528777215397046,Junho,2025,60,
1117.699064931453,1102.54879382035,-15.15027111110326,7.968,,1102.54879382035,716.4035933333333,244.6390649314535,,172.3099999999999,277.9077288888966,210.72,15.19000000000005,6.960000000000036,0,0,,42.02,108.06,0.1378185992275437,09/06/2025,23:34:05,-0.01374113435706307,0,Junho,2025,0,
1129.699064931453,1114.54850990035,-15.15055503110326,7.968,,1114.54850990035,716.4035933333333,244.6390649314535,,172.3099999999999,277.9077288888966,210.72,15.19000000000005,6.960000000000036,11.99971608,0,36.31,42.02,108.06,0.1393185637375438,09/06/2025,23:42:30,-0.013593446042521601,-0.00028391999999932693,Junho,2025,12,
1129.829064931454,1113.66626524035,-16.16279969110326,7.968,,1113.66626524035,716.4035933333333,244.7690649314536,,172.3099999999999,277.9077288888966,210.72,15.19000000000005,6.960000000000036,11.99747142,0,36.31,42.02,107.11,0.1392082831550437,09/06/2025,23:48:00,-0.014513144732470661,-1.0122446600000004,Junho,2025,0.13000000000101863,
1129.959064931453,593.2899784214703,-536.6690865099831,7.968,,593.2899784214703,232.3632665866666,244.8990649314535,,174.38,278.6826946700168,209.9299999999999,15.19000000000005,6.960000000000036,12.02621882,0,36.51,42.02,107.11,0.0741612473026838,10/06/2025,23:48:28,-0.9045645570111687,-520.5062868188799,Junho,2025,0.12999999999897227,
1130.009064931453,593.3572567026508,-536.6518082288026,7.968,,593.3572567026508,232.3632665866666,244.8990649314535,,174.77,277.8927295511976,210.21,15.19000000000005,7.009999999999991,12.02346222,0,36.56,42.02,107.11,0.07416965708783135,11/06/2025,10:30:50,-0.904432872719942,0.017278281180551858,Junho,2025,0.049999999999954525,
1130.139064931454,594.4096492060148,-535.7294157254387,7.968,,594.4096492060148,232.3632665866666,245.0290649314536,,177.48,276.8277765745615,210.12,15.19000000000005,7.009999999999991,11.8008077,0,36.29,42.02,106.27,0.07430120615075185,12/06/2025,00:21:44,-0.901279810045213,0.9223925033638807,Junho,2025,0.13000000000101863,
1130.139064931454,594.4896197337139,-535.6494451977396,7.968,,594.4896197337139,232.3632665866666,245.0290649314535,,178.75,276.8427759122605,209.74,15.19000000000005,7.009999999999991,11.29577889,0,36.37,42.02,106.27,0.07431120246671423,12/06/2025,23:56:07,-0.9010240505758028,0.07997052769906077,Junho,2025,0,
1130.139064931454,598.5162810130942,-531.6227839183593,7.968,,598.5162810130942,232.3632665866666,245.0290649314535,,179.11,277.1727613416408,212.6199999999999,15.19000000000005,7.009999999999991,11.46245474,0,36.16,42.02,106.27,0.07481453512663677,14/06/2025,17:40:31,-0.8882344570785847,4.026661279380278,Junho,2025,0,
1131.619064931454,601.5550803930942,-530.0639845383594,7.968,,601.5550803930942,232.3632665866666,245.0290649314535,,179.11,277.1727613416408,212.6199999999999,15.19000000000005,8.490000000000009,11.54125412,0,36.16,42.02,106.27,0.07519438504913677,15/06/2025,14:47:18,-0.8811561930322025,1.5587993799999822,Junho,2025,1.4800000000000182,
1131.619064931454,701.5404347646595,-430.0786301667941,7.968,,701.5404347646595,,245.0290649314535,,176.4200000000001,275.5328337532061,214.0899999999999,15.19000000000005,8.490000000000009,11.56653608,0,36.5,42.02,106.27,0.08769255434558244,24/06/2025,23:53:42,-0.6130489546351942,99.98535437156528,Junho,2025,0,
1131.619064931454,550.7645297919796,-580.8545351394739,7.968,,550.7645297919796,,245.0290649314535,,182.9300000000001,271.3130200805264,214.99,15.19000000000005,8.490000000000009,11.61044478,0,36.64,42.02,106.27,0.06884556622399746,02/07/2025,23:40:46,-1.0546331575834398,-150.77590497267983,Julho,2025,0,
1131.619064931454,851.2459402726292,-280.3731246588243,7.968,,851.2459402726292,203.421388,245.0290649314536,,184.1600000000001,271.0480317811755,215.3900000000001,15.19000000000005,8.490000000000009,11.53684356,0,36.79000000000001,42.02,106.27,0.1064057425340787,04/07/2025,21:06:13,-0.32936794338076836,300.48141048064963,Julho,2025,0,
1131.619064931454,854.7121401026291,-276.9069248288244,7.968,,854.7121401026291,203.421388,245.0290649314536,,184.1600000000001,271.0480317811755,215.3900000000001,15.19000000000005,8.490000000000009,11.53304339,0,36.79000000000001,42.02,106.27,0.1068390175128286,04/07/2025,21:16:49,-0.3239768242856302,3.46619982999988,Julho,2025,0,
1137.649064931453,593.3832539564564,-544.2658109749971,7.968,,593.3832539564564,489.4636328,245.0290649314535,,182.23,277.8027335250031,215.75,21.22000000000003,8.490000000000009,13.3094555,0,37.66,42.02,106.27,0.07417290674455705,14/07/2025,10:33:01,-0.9172247570959196,-267.35888614617267,Julho,2025,6.029999999999063,
1137.649064931453,591.9825391862798,-545.6665257451737,7.968,,591.9825391862798,,245.0290649314535,,179.0699999999999,277.4127507448264,217.24,21.22000000000003,8.490000000000009,13.13872351,0,37.96,42.02,106.27,0.07399781739828498,18/07/2025,01:05:53,-0.9217611831849455,-1.4007147701765916,Julho,2025,0,
1137.649064931453,183.2348702962931,-954.4141946351604,7.968,,183.2348702962931,0,245.0290649314535,,184.67,265.5482746248396,214.9399999999999,21.22,8.490000000000009,13.04553074,0,38.63,42.02,106.27,0.02290435878703664,06/10/2025,21:34:52,-5.208693045662436,-408.7476688899867,Outubro,2025,0,
1137.649064931453,196.8051776959969,-940.8438872354566,7.968,,196.8051776959969,0,245.0290649314535,,198.31,266.5932284845434,215.4699999999999,21.22,8.490000000000009,11.01088428,0,38.77,42.02,106.27,0.02460064721199961,09/11/2025,17:03:40,-4.780585034651727,13.570307399703779,Novembro,2025,0,
1137.649064931453,284.2003657759967,-853.4486991554568,7.968,,284.2003657759967,0,245.0290649314535,,198.31,266.5932284845434,215.4699999999999,21.22000000000003,8.490000000000009,10.97607236,0,38.77,42.02,106.27,0.03552504572199959,09/11/2025,17:20:30,-3.0029824093475472,87.3951880799998,Novembro,2025,0,
1244.605066841197,393.8689423526151,-850.7361244885816,7.968,,393.8689423526151,,351.9850668411966,,202.3100000000001,264.7883081814185,214.9399999999999,21.22000000000003,8.490000000000009,10.64356733,0,39.11,42.02,106.27,0.04923361779407689,16/11/2025,10:24:17,-2.1599472134234734,2.7125746668751844,Novembro,2025,106.95600190974392,
1246.075066841197,407.699462175852,-838.3756046653446,7.968,,407.699462175852,1292.54216448,353.4550668411966,,201.33,271.9379924846555,213.9,21.22000000000003,8.490000000000009,9.58440285,0,40.33,42.02,106.27,0.05096243277198149,06/12/2025,21:52:13,-2.056356906116619,12.360519823237041,Dezembro,2025,1.4700000000000273,
1246.075066841197,996.4976787658521,-249.5773880753444,7.968,,376.3570668411966,,353.4550668411965,,201.33,271.9379924846554,213.9,21.22000000000003,8.490000000000009,9.584619439999999,0,40.33,42.02,106.27,0.1245622098457315,06/12/2025,22:14:44,-0.25045456040042396,588.7982165900002,Dezembro,2025,0,
1246.075066841197,996.4442204158521,-249.6308464253444,7.968,,376.3570668411966,,353.4550668411968,,201.33,271.9379924846554,213.9,21.22000000000003,8.490000000000009,9.53116109,0,40.33,42.02,106.27,0.1245555275519815,07/12/2025,10:47:51,-0.25052164618021916,-0.053458349999999655,Dezembro,2025,0,
1246.075066841197,996.4442204158521,-249.6308464253444,7.968,,376.3570668411966,,353.4550668411968,,201.33,271.9379924846554,213.9,21.22000000000003,8.490000000000009,9.53116109,0,40.33,42.02,106.27,0.1245555275519815,07/12/2025,10:49:31,-0.25052164618021916,0,Dezembro,2025,0,
1224.083276786147,382.0352767861473,-842.0479999999995,,,,,361.173276786147,,201.33,271.9379924846555,213.9,,,9.68509751,,40.33,43.67,106.27,0.04775440959826841,09/12/2025,,-2.2041105917853616,-592.4171535746551,Dezembro,2025,-21.991790055049933,
1224.083276786147,382.0352767861473,-842.0479999999995,,,,,361.173276786147,,201.33,271.9379924846555,213.9,,,9.68509751,,40.33,43.67,106.27,0.04775440959826841,09/12/2025,23:09:26,-2.2041105917853616,0,Dezembro,2025,0,
1235.300779843976,393.2527798439764,-842.0479999999998,,,,,372.3907798439764,,201.65,271.6430055099065,214.57,,,9.89832052,,40.23,43.67,106.27,0.04915659748049705,11/12/2025,21:15:54,-2.1412385192396695,0,Dezembro,2025,11.217503057828935,
1235.300779843976,393.2527798439764,-842.0479999999998,,,,,372.3907798439764,,201.65,271.6430055099065,214.57,,,9.89832052,,40.23,43.67,106.27,0.04915659748049705,11/12/2025,21:23:35,-2.1412385192396695,0,Dezembro,2025,0,
1235.300779843976,393.2527798439764,-842.0479999999998,FII,,,,372.3907798439764,,201.65,271.6430055099065,214.57,,,9.89832052,,40.23,43.67,106.27,0.04915659748049705,11/12/2025,21:33:23,-2.1412385192396695,0,Dezembro,2025,0,
1235.300779843976,393.2527798439764,-842.0479999999998,208.07,,,,372.3907798439764,,201.65,271.6430055099065,214.57,,,9.89832052,,40.23,43.67,106.27,0.04915659748049705,11/12/2025,21:50:13,-2.1412385192396695,0,Dezembro,2025,0,
1246.608292505481,404.9702925054812,-841.6380000000001,361.173276786147,,296.74,208.07,383.6982925054813,,204.44,270.2530668831234,214.83,07/12/2025,,9.76791365,,40.36,43.67,106.27,0.05062128656318515,11/12/2025,22:18:58,-2.0782709635142154,0.4099999999996271,Dezembro,2025,11.307512661504916,
1252.296027911759,411.0780279117585,-841.2180000000005,361.173276786147,,296.74,208.07,389.3860279117591,,202.1,270.9180375211168,215.57,,,9.63890477,,40.16,43.67,106.27,0.05138475348896981,2025-12-12 00:00:00,19:30:25,-2.0463706228068586,0.419999999999618,Dezembro,2025,5.68773540627808,
1263.73991098788,422.7619109878792,-840.9780000000005,361.173276786147,,296.74,208.07,400.8299109878799,,202.27,270.9180375211168,215.68,,,9.51806724,,40.16,43.67,106.27,0.05284523887348491,2025-12-14 00:00:00,08:51:54,-1.9892473237119788,0.2400000000000091,Dezembro,2025,11.443883076120983,
1269.496241394561,428.5182413945608,-840.9780000000003,,,,,406.5862413945612,,203.6,270.7030470140963,215.71,12,34.75,9.15925637,102,40.3,43.67,106.27,0.0535647801743201,2025-12-15 00:00:00,23:13:30,-1.9625255561190094,0,Dezembro,2025,5.756330406680945,
1723.958299364214,882.9802993642138,-840.9780000000003,,,,,861.0482993642141,,199.69,275.4278383893124,215.78,,,9.491406979999999,18:55:09,40.38,43.67,106.27,0.1103725374205267,2025-12-16 00:00:00,23:11:12,-0.9524312157423477,0,Dezembro,2025,454.4620579696532,
1731.557344197954,890.9993441979536,-840.5580000000004,,,,,868.6473441979542,,199.82,276.4027953397538,215.79,9.68509751,40.33,9.54565293,106.27,40.73,43.67,106.27,0.1113749180247442,2025-12-17 00:00:00,13:09:52,-0.9433878997482779,0.4199999999998454,Dezembro,2025,7.599044833739981,
1785.609458772553,947.991458772552,-837.6180000000008,,,,,922.699458772553,,199.82,276.4027953397538,215.79,9.68509751,40.33,9.54565293,106.27,40.73,43.67,106.27,0.118498932346569,2025-12-31 00:00:00,19:29:32,-0.883571251880833,2.9399999999996,Dezembro,2025,54.05211457459882,
1805.2831413157,417.6651413156997,-1387.618,,,,,948.7631413157,,202.06,273.8379085932079,219.26,9.68509751,40.33,9.44021298,106.27,41.54,43.67,106.27,0.05220814266446246,2025-12-31 00:00:00,20:07:19,-3.322321790199733,-549.9999999999991,Dezembro,2025,19.67368254314715,
1813.209790004801,425.5917900048007,-1387.618,,,,,956.6897900048009,,202.06,273.8379085932079,219.26,,,9.45123938,,41.54,43.67,106.27,0.05319897375060009,2026-01-02 00:00:00,01:03:38,-3.2604435343650486,0,Janeiro,2026,7.926648689101057,
1831.202334399944,3442.146728224945,296.5923938250003,,,669.6543343999447,,972.6623343999445,2.02,205.92,269.3781055173427,,,216.37,,9.67875733,40.78,43.67,,0.4302683410281181,2026-01-08 00:00:00,22:11:22,0.08616494799393627,1684.2103938250002,Janeiro,2026,17.992544395142886,
1831.202334399944,3442.146728224945,296.5923938250003,,,669.6543343999447,361.173276786147,972.6623343999445,2.02,205.92,269.3781055173427,,40.33,216.37,106.27,9.67924958,40.78,43.67,106.27,0.4302683410281181,2026-01-08 00:00:00,22:17:19,0.08616494799393627,0,Janeiro,2026,0,
1839.332960807836,3450.277354632836,296.5923938250003,,,677.7849608078359,361.173276786147,972.6623343999445,10.15062640789141,205.4,268.5281430477271,,40.33,217.12,106.27,9.58304424,41.13,43.67,106.27,0.4312846693291045,2026-01-09 00:00:00,23:05:27,0.08596189909972105,0,Janeiro,2026,8.130626407891896,
1863.335072117836,3474.279465942836,296.5923938250003,,,701.787072117836,361.173276786147,972.6623343999445,10.15062640789141,205.4,268.5281430477271,9.68509751,40.33,217.12,106.27,33.36972124,41.13,43.67,106.27,0.4342849332428545,10/01/2026,21:35:12,0.08536803004260114,0,Janeiro,2026,24.002111310000146,
1867.43093869129,3478.785332516291,296.5923938250003,,,706.2929386912901,361.173276786147,972.6623343999445,14.24649298134591,205.4,268.5281430477271,9.68509751,40.33,217.12,106.27,33.83372552,41.13,43.67,106.27,0.4348481665645364,11/01/2026,23:41:10,0.08525745784102973,0,Janeiro,2026,4.095866573454032,
1867.43093869129,3415.255332516291,296.5923938250003,,,642.7629386912904,361.173276786147,972.6623343999445,14.24649298134591,205.15,268.7481333339805,,,216.94,40.33,33.667431,41.24,43.67,106.27,0.4269069165645364,12/01/2026,23:09:14,0.0868434026004366,0,Janeiro,2026,0,
1871.547310196778,3419.371704021779,296.5923938250003,,,646.8793101967785,361.173276786147,972.6623343999445,18.36286448683378,206.51,268.6031397362226,,,216.86,,35.05841394,41.13,43.67,106.27,0.4274214630027224,14/01/2026,06:32:36,0.08673885716377537,0,Janeiro,2026,4.116371505487905,
1875.684289287115,3423.508683112116,296.5923938250003,,,651.0162892871158,,972.6623343999445,22.49984357717099,214.09,268.4081483461343,,,217.5700000000001,,34.99243168,41.27,43.67,106.27,0.4279385853890145,16/01/2026,16:02:05,0.08663404164507188,0,Janeiro,2026,4.136979090337036,
1877.760538896058,3425.614932721059,296.5923938250003,,,653.1225388960584,,972.6623343999445,24.57609318611391,214.93,268.4581461384646,,,217.23,,35.06438736,41.22,43.67,106.27,0.4282018665901324,17/01/2026,21:48:22,0.08658077444489912,0,Janeiro,2026,2.0762496089430442,
1879.841979129023,4295.137729689023,967.4437505599999,,,555.2039791290235,,972.6623343999445,26.6575334190792,214.93,268.4581461384646,,,217.23,,35.07331316,41.22,43.67,106.27,0.5368922162111279,2026-01-18 00:00:00,13:58:35,0.2252416130623231,670.8513567349996,Janeiro,2026,2.081440232964951,
1879.841979129023,4295.137729689023,967.4437505599999,,,555.2039791290235,,972.6623343999445,26.6575334190792,214.93,268.4131481253673,,,217.23,,35.09858004,41.22,43.67,106.27,0.5368922162111279,18/01/2026,15:15:39,0.2252416130623231,0,Janeiro,2026,0,
1879.841979129023,4295.137729689023,967.4437505599999,,,555.2039791290235,,972.6623343999445,26.6575334190792,214.93,268.5281430477271,,,217.23,,34.33061794,41.22,43.67,106.27,0.5368922162111279,19/01/2026,09:16:08,0.2252416130623231,0,Janeiro,2026,0,
1896.681927477932,4311.977678037932,967.4437505599999,,,572.0439274779328,,972.6623343999445,43.49748176798781,232.11,264.0383412964636,,,220.94,,32.03428424,40.96000000000001,43.67,106.27,0.5389972097547415,26/01/2026,21:15:03,0.22436195704060635,0,Janeiro,2026,16.839948348909047,
1903.084137473623,12166.96746947362,9516.031332,,,355.6419637389664,,972.6623343999445,49.89969176367902,244.33,261.9784322524541,,,221.84,,30.42688498,40.54,43.67,106.27,1.520870933684203,29/01/2026,12:56:56,0.7821202247704944,8548.58758144,Janeiro,2026,6.40220999569101,
1905.228886703032,12169.11221870303,9516.031332000002,,,247.4434015021534,,972.6623343999445,52.04444099308822,244.38,261.5434514591802,,,223.36,,29.74873016,40.75,43.67,106.27,1.521139027337879,2026-01-30 00:00:00,12:59:36,0.7819823797314123,0,Janeiro,2026,2.1447492294089443,
1909.518422570735,13036.30853857074,9628.938116000001,,,139.24,,972.6623343999445,56.33397686079025,239.56,262.8433940597688,,,223.6899999999999,,27.71179394,40.62,43.67,106.27,1.629538567321342,01/02/2026,20:33:54,0.7386245951076337,112.90678399999888,Fevereiro,2026,4.28953586770308,
1911.67283926534,12540.67295526534,9628.938116000001,,48.65894495028151,139.2448392653405,,972.6623343999445,58.48839355539582,239.71,263.0333856706241,,,219.52,,28.40931088,40.8,43.67,106.27,1.567584119408168,02/02/2026,12:59:38,0.7678166993388649,0,Fevereiro,2026,2.1544166946048335,
1911.67283926534,12540.67295526534,9628.938116000001,,48.65894495028151,139.2448392653405,,972.6623343999445,58.48839355539582,240.39,263.0083867744588,,,218.57,,28.35060658,40.75,43.67,106.27,1.567584119408168,02/02/2026,19:03:52,0.7678166993388649,0,Fevereiro,2026,0,
1913.831564793335,12542.88168079334,9628.938116000001,,48.65894495028151,141.4535647933353,,972.7123343999446,60.64711908339061,245.64,261.9234346808907,,,220.13,,27.2892603,40.39,43.67,106.27,1.567860210099167,03/02/2026,20:29:49,0.7676814914665582,0,Fevereiro,2026,2.1587255279951023,
1913.831564793335,12542.88168079334,9628.938116000001,,48.00859618192464,141.4535647933353,,972.7123343999446,60.64711908339061,245.64,261.9234346808907,,,220.13,,27.27875532,40.39,43.67,106.27,1.567860210099167,03/02/2026,21:59:47,0.7676814914665582,0,Fevereiro,2026,0,
1915.994607772386,12545.04472377239,9628.938116000001,,48.00859618192464,143.6166077723865,,972.7123343999446,62.81016206244138,243.18,261.9384340185898,,,220.12,,26.30000702,40.31,43.67,106.27,1.568130590471548,2026-02-04 00:00:00,20:29:38,0.7675491262102497,0,Fevereiro,2026,2.1630429790509424,
1915.994607772386,12545.04472377239,9628.938116000001,,48.00859618192464,143.6166077723865,,972.7123343999446,62.81016206244138,243.18,261.9384340185898,,,220.12,,26.30000702,40.31,43.67,106.27,1.568130590471548,2026-02-04 00:00:00,20:32:54,0.7675491262102497,0,Fevereiro,2026,0,
1915.994607772386,12545.04472377239,9628.938116000001,,48.00859618192464,143.6166077723865,,972.7123343999446,62.81016206244138,243.18,261.9384340185898,,,220.12,,26.30000702,40.31,43.67,106.27,1.568130590471548,2026-02-04 00:00:00,20:34:11,0.7675491262102497,0,Fevereiro,2026,0,
1920.333680640533,11718.14998733333,9797.816306692797,,48.01869236730233,409.9456806405342,,972.7323343999445,67.14923493058915,237.61,261.2334651467322,,,220.88,,24.45078724,40.3,43.67,106.27,1.4647687484166663,2026-02-06 00:00:00,12:22:28,0.8361231352460664,168.87819069279612,Fevereiro,2026,4.339072868147014,
1920.333680640533,12178.09566797387,8945.659987333334,,96.41081360966109,459.9456806405342,,972.7323343999445,67.14923493058915,237.79,260.8184834703904,,,220.87,,25.34089548,40.5,43.67,106.27,1.522261958496734,2026-02-08 00:00:00,19:11:08,0.7345696922761707,-852.1563193594629,Fevereiro,2026,0,
1924.690127156445,22105.64365451555,9926.119140025772,,191.3085685436675,264.772127156446,,972.6823343999445,71.50568144650097,237.79,260.8184834703904,,,220.87,,25.45651892,40.5,43.67,106.27,2.763205456814444,2026-02-08 00:00:00,20:11:27,0.44903099385654627,980.4591526924378,Fevereiro,2026,4.356446515912012,
1926.874887260222,22107.82841461933,9926.119140025776,,191.3294527367432,266.9568872602231,,972.6823343999445,73.69044155027797,237.87,259.0635609595959,,,220.99,,24.68148484,40.44,43.67,106.27,2.763478551827417,09/02/2026,12:54:06,0.44898661930368033,0,Fevereiro,2026,2.18476010377708,
1929.064016884207,22110.03754424331,9926.119140025772,,191.350569878857,269.1660168842081,,972.6823343999445,75.87957117426251,242.7,260.1035150400668,,,220.87,,24.69913046,40.82,43.67,106.27,2.763754693030414,10/02/2026,12:49:27,0.44894175869955455,0,Fevereiro,2026,2.1891296239848543,
1929.064016884207,22110.03754424331,9926.119140025772,,191.350569878857,269.1660168842081,,972.6823343999445,75.87957117426251,242.2,260.0085192346392,,,220.84,,24.74382812,40.77,43.67,106.27,2.763754693030414,11/02/2026,12:09:36,0.44894175869955455,0,Fevereiro,2026,0,
1931.257524767439,22112.25105212655,9926.119140025774,,191.3717288728939,271.3795247674416,,972.6823343999445,78.07307905749502,246.38,259.2885510250824,,,220.58,,23.68557154,40.52,43.67,106.27,2.764031381515819,11/02/2026,13:00:54,0.44889681817678045,0,Fevereiro,2026,2.193507883232087,
